,City,Country,Date,Humidity,Cloudiness,Lat,Long,Temp,WindSpeed
0,El Puerto de Santa María,ES,1624782280,77,75,36.5939,-6.233,73.51,8.05
1,Pavlivka,UA,1624782197,80,67,49.4414,28.4596,68.41,13.29
2,Avera,US,1624782470,97,96,33.194,-82.5271,75.07,4.92
3,Rikitea,PF,1624782207,78,7,-23.1203,-134.9692,74.25,11.86
4,Ushuaia,AR,1624782470,81,90,-54.8,-68.3,38.86,10.36
5,Albany,US,1624782471,90,88,42.6001,-73.9662,75.81,5.66
6,Hilo,US,1624782471,88,1,19.7297,-155.09,73.8,3.44
7,Port,CD,1624782395,42,2,-7.0349,29.7638,78.84,5.5
8,Tuatapere,NZ,1624782472,89,97,-46.1333,167.6833,45.82,5.48
9,Kapaa,US,1624782472,65,40,22.0752,-159.319,77.32,4.61
10,Moindou,NC,1624782472,70,96,-21.6924,165.677,69.75,6.64
11,Camacha,PT,1624782334,63,75,33.0833,-16.3333,65.16,9.22
12,Semnan,IR,1624782473,11,0,35.5729,53.3971,93.27,7.83
13,Saskylakh,RU,1624782473,36,100,71.9167,114.0833,56.77,3.96
14,Dingle,PH,1624782267,64,98,10.9995,122.6711,88.09,3.83
15,Sabang,ID,1624782474,69,62,5.8933,95.3214,83.41,15.28
16,Cape,CL,1624782222,85,5,-36.413,-71.9028,33.22,4.03
17,Thinadhoo,MV,1624782474,73,28,0.5333,72.9333,82.58,7.76
18,Susanville,US,1624782475,40,0,40.4163,-120.653,71.1,1.01
19,Chapais,CA,1624782475,99,100,49.7834,-74.8492,64.18,2.75
20,Bredasdorp,ZA,1624782476,58,100,-34.5322,20.0403,57.27,3.44
21,Mataura,NZ,1624782476,87,36,-46.1927,168.8643,45.48,5.7
22,Mount Abu,IN,1624782477,41,27,24.6,72.7,85.82,6.24
23,Brownwood,US,1624782477,83,97,31.7093,-98.9912,79.92,13.47
24,Busselton,AU,1624782477,81,89,-33.65,115.3333,57.04,24.11
25,Hammerfest,NO,1624782478,67,75,70.6634,23.6821,55.85,3.44
26,Jamestown,US,1624782297,76,1,42.097,-79.2353,76.59,5.01
27,Povenets,RU,1624782479,64,97,62.8487,34.8262,65.88,1.7
28,Tarko-Sale,RU,1624782480,34,51,64.9225,77.785,61.38,14.05
29,Mys,RU,1624782268,47,92,62.0589,48.6201,76.33,4.09
30,Zhaotong,CN,1624782481,68,84,27.3167,103.7167,76.33,4.29
31,Qaanaaq,GL,1624782203,91,97,77.484,-69.3632,36.46,3.69
32,Manta,EC,1624782481,88,90,-0.95,-80.7333,71.38,5.75
33,Kruisfontein,ZA,1624782482,48,99,-34.0033,24.7314,60.89,7.58
34,Carnarvon,AU,1624782482,64,90,-24.8667,113.6333,68.07,14.97
35,Vaini,TO,1624782483,78,40,-21.2,-175.2,71.76,10.36
36,Mar,ES,1624782232,96,75,43.4002,-4.0094,59.14,3.0
37,Castro,BR,1624782484,65,65,-24.7911,-50.0119,59.23,7.61
38,Hithadhoo,MV,1624782484,72,16,-0.6,73.0833,82.6,7.45
39,Iglesias,IT,1624782479,39,81,39.3114,8.535,78.22,1.54
40,Poum,NC,1624782485,78,100,-20.2333,164.0167,74.89,8.95
41,Severo-Kuril'sk,RU,1624782485,86,99,50.6789,156.125,46.72,15.75
42,Scottsbluff,US,1624782485,78,1,41.8666,-103.6672,58.78,7.0
43,Bluff,NZ,1624782235,85,92,-46.6,168.3333,45.81,19.26
44,Kifrī,IQ,1624782486,6,0,34.6959,44.9661,111.04,5.79
45,Punta,PH,1624782486,73,100,8.9897,125.34,83.1,2.24
46,Jiexiu,CN,1624782487,19,14,37.0244,111.9125,95.94,8.9
47,Norman,US,1624782291,93,90,35.2226,-97.4395,73.44,13.8
48,Geraldton,AU,1624782487,72,75,-28.7667,114.6,64.81,17.27
49,Atuona,PF,1624782488,69,11,-9.8,-139.0333,78.69,20.22
50,Arkadelphia,US,1624782488,97,75,34.1209,-93.0538,77.18,3.44
51,Havelock,US,1624782488,92,92,34.8791,-76.9013,78.78,4.88
52,Tiksi,RU,1624782258,84,84,71.6872,128.8694,36.68,8.57
53,Prado,BR,1624782489,65,95,-17.3411,-39.2208,69.98,5.73
54,Pevek,RU,1624782489,87,90,69.7008,170.3133,36.86,6.85
55,Aktau,KZ,1624782490,28,33,43.65,51.2,106.38,4.25
56,Esperance,AU,1624782490,43,99,-33.8667,121.9,60.64,20.15
57,Paralímni,CY,1624782490,88,0,35.0375,33.9833,95.49,15.01
58,Tarazá,CO,1624782491,98,93,7.5836,-75.4007,71.29,3.18
59,Port,CD,1624782371,42,2,-7.0349,29.7638,78.84,5.5
60,Anchorage,US,1624782314,81,90,61.2181,-149.9003,53.94,3.0
61,Richards,US,1624782240,94,20,46.8361,-95.9123,62.33,0.0
62,Hobart,AU,1624782492,69,75,-42.8794,147.3294,51.93,1.01
63,Upernavik,GL,1624782492,94,98,72.7868,-56.1549,38.07,8.14
64,San,ML,1624782315,54,8,13.3034,-4.8956,84.4,11.92
65,Mattru,SL,1624782493,96,100,7.6244,-11.8332,73.44,2.24
66,Idanre,NG,1624782493,93,100,7.1127,5.1159,70.09,4.74
67,Nizwá,OM,1624782493,25,15,22.9333,57.5333,98.73,9.78
68,Bilma,NE,1624782494,9,0,18.6853,12.9164,97.95,12.48
69,Buta,CD,1624782229,45,75,2.7858,24.73,89.15,2.42
70,Sarangani,PH,1624782495,69,100,5.4033,125.4636,83.62,7.99
71,George Town,MY,1624782272,68,20,5.4112,100.3354,89.55,8.05
72,Saint-Pierre,RE,1624782372,70,20,-21.3393,55.4781,80.56,3.44
73,Tasiilaq,GL,1624782495,66,11,65.6145,-37.6368,51.96,6.69
74,Skjervøy,NO,1624782496,74,100,70.0311,20.9714,51.96,5.06
75,Barrow,US,1624782496,76,75,71.2906,-156.7887,46.42,10.36
76,Kaitangata,NZ,1624782496,78,27,-46.2817,169.8464,48.92,7.45
77,Fomboni,KM,1624782497,65,9,-12.28,43.7425,78.53,10.65
78,Pozo,CU,1624782497,93,96,22.4497,-80.1794,75.4,6.42
79,Butaritari,KI,1624782266,75,76,3.0707,172.7902,82.65,13.11
80,Cherskiy,RU,1624782498,31,100,68.75,161.3,77.56,13.82
81,Nikolskoye,RU,1624782499,55,51,59.7035,30.7861,79.81,3.02
82,Saint Paul Harbor,US,1624782499,76,75,57.79,-152.4072,51.31,5.75
83,Dagda,LV,1624782500,92,100,56.0951,27.5372,63.91,4.68
84,Petropavlovsk-Kamchatskiy,RU,1624782500,46,75,53.0452,158.6483,68.59,8.95
85,Yuzhno-Kurilsk,RU,1624782501,93,47,44.0306,145.8556,55.11,6.6
86,Maragogi,BR,1624781909,84,100,-9.0122,-35.2225,73.62,8.79
87,Ialibu,PG,1624782502,96,98,-6.2821,143.9935,59.94,1.63
88,Lompoc,US,1624782502,79,90,34.6391,-120.4579,65.88,4.61
89,Hofn,IS,1624782276,67,0,64.2539,-15.2082,55.42,6.91
90,Mil'kovo,RU,1624782503,71,36,54.7167,158.6167,62.82,1.88
91,Lorengau,PG,1624782503,80,100,-2.0226,147.2712,80.76,6.69
92,Oranjemund,NA,1624782504,44,15,-28.55,16.4333,61.84,1.5
93,Bulgan,MN,1624782504,76,54,48.8125,103.5347,65.61,25.43
94,Iqaluit,CA,1624782377,86,75,63.7506,-68.5145,33.53,3.0
95,Ponta,PT,1624782505,75,49,38.7333,-28.2667,63.28,3.24
96,Tautira,PF,1624782342,79,0,-17.7333,-149.15,77.02,7.02
97,Adrar,MR,1624782506,11,82,20.5022,-10.0711,91.33,14.12
98,Gawler,AU,1624782506,89,95,-34.6,138.7333,58.48,4.43
99,Arraial,BR,1624782249,77,45,-22.8362,-46.646,62.01,5.66
100,Meulaboh,ID,1624782256,61,88,4.1363,96.1285,85.53,5.08
101,Grand,US,1624782209,38,0,38.8755,-109.5012,72.59,12.93
102,Chokurdakh,RU,1624782507,50,82,70.6333,147.9167,56.26,17.25
103,Saldanha,ZA,1624782507,71,2,-33.0117,17.9442,51.85,9.73
104,Chiredzi,ZW,1624782508,22,0,-21.05,31.6667,75.9,3.76
105,Chake,CN,1624782508,59,100,23.86,103.046,80.37,10.67
106,Dikson,RU,1624782509,78,85,73.5069,80.5464,34.48,8.21
107,Alice,US,1624782509,97,1,27.7523,-98.0697,80.38,5.75
108,Tromsø,NO,1624782510,66,75,69.6496,18.957,57.85,1.99
109,Khatanga,RU,1624782510,36,100,71.9667,102.5,57.38,14.41
110,Gēdo,ET,1624782511,67,90,9.0167,37.45,63.97,2.95
111,Abhā,SA,1624782260,8,20,18.2164,42.5053,87.62,11.5
112,Agua,IT,1624782511,59,15,45.743,8.3154,77.9,1.99
113,Rocha,UY,1624782296,95,100,-34.4833,-54.3333,50.58,17.98
114,Smithers,CA,1624782339,83,1,54.7804,-127.1743,68.32,0.0
115,Beloha,MG,1624782367,41,0,-25.1667,45.05,75.99,5.35
116,Kahului,US,1624782327,79,1,20.8947,-156.47,75.85,5.75
117,Tura,IN,1624782513,75,48,25.5198,90.2201,84.15,7.67
118,Lebu,CL,1624782513,79,0,-37.6167,-73.65,41.63,10.87
119,Dunedin,NZ,1624782513,82,9,-45.8742,170.5036,50.81,3.0
120,Kulhudhuffushi,MV,1624782338,78,100,6.6221,73.07,81.43,12.26
121,Karratha,AU,1624782514,52,30,-20.7377,116.8463,72.45,3.22
122,Bengkulu,ID,1624782514,69,77,-3.8004,102.2655,83.55,6.35
123,Tuktoyaktuk,CA,1624782515,70,100,69.4541,-133.0374,52.14,9.35
124,Clyde,US,1624782282,75,25,41.3042,-82.9752,76.71,16.51
125,Morant,JM,1624782515,85,100,17.9,-76.4333,80.28,7.54
126,Tovačov,CZ,1624782516,64,12,49.4308,17.288,77.81,5.01
127,Ola,RU,1624782516,82,66,59.5833,151.2833,56.35,7.29
128,Torbay,CA,1624782517,85,75,47.6666,-52.7314,59.77,19.57
129,Ahipara,NZ,1624782318,93,100,-35.1667,173.1667,61.0,14.32
130,Salamanca,ES,1624782517,61,70,40.8333,-6.0,61.63,10.67
131,Ilulissat,GL,1624782234,57,63,69.2167,-51.1,48.22,6.91
132,Bonavista,CA,1624782518,79,100,48.6499,-53.1147,59.0,17.31
133,Husavik,IS,1624782337,59,12,66.0449,-17.3389,51.71,3.22
134,Antofagasta,CL,1624782103,80,100,-23.65,-70.4,58.28,5.82
135,Longyearbyen,SJ,1624782519,87,20,78.2186,15.6401,39.04,9.22
136,Lagoa,PT,1624782309,76,74,39.05,-27.9833,66.76,5.95
137,Marawi,PH,1624782519,90,100,7.9986,124.2928,74.64,1.48
138,Sao,IN,1624782214,54,100,20.5113,76.2129,85.82,11.54
139,Yellowknife,CA,1624782210,67,40,62.456,-114.3525,57.72,4.61
140,Ugoofaaru,MV,1624782520,76,95,5.6667,73.0,81.99,11.59
141,Eyl,SO,1624782521,45,46,7.9803,49.8164,89.46,24.09
142,Kuril'sk,RU,1624782521,84,100,45.2333,147.8833,53.31,4.76
143,Bambous,MU,1624782522,67,10,-20.2567,57.4061,77.95,12.39
144,Bathsheba,BB,1624782208,65,20,13.2167,-59.5167,79.41,17.27
145,Bonga,ET,1624782345,51,91,7.2833,36.2333,76.19,1.25
146,Haines,US,1624782197,94,75,59.2286,-135.4441,56.95,0.0
147,Guánica,PR,1624782352,90,51,17.9716,-66.908,76.93,1.01
148,Aswān,EG,1624782523,14,0,24.0934,32.907,98.15,9.86
149,Vila,PT,1624782524,90,100,42.0304,-8.1588,51.69,3.42
150,East,IS,1624782211,26,100,65.0,-15.0,56.95,2.06
151,Tres,IT,1624782524,58,100,46.3231,11.0969,72.41,1.19
152,Sijunjung,ID,1624782525,46,96,-0.6876,100.9537,90.88,1.48
153,Huarmey,PE,1624782525,86,87,-10.0681,-78.1522,62.42,6.82
154,El Puerto de Santa María,ES,1624782525,77,75,36.5939,-6.233,73.51,8.05
155,Klaksvík,FO,1624782250,69,39,62.2266,-6.589,52.72,9.6
156,Boca,IT,1624782526,58,15,45.679,8.4087,81.18,1.99
157,Wenling,CN,1624782527,95,100,28.3669,121.36,78.91,1.63
158,Palestine,PS,1624782527,36,0,31.9216,35.2033,84.94,4.29
159,Champasak,LA,1624782527,70,100,14.75,106.0,92.28,1.52
160,Flin,FR,1624782528,75,100,48.4982,6.6557,70.86,3.4
161,Mahébourg,MU,1624782528,69,75,-20.4081,57.7,79.09,13.8
162,Prince,CA,1624782529,88,7,52.9669,-108.3847,59.16,3.89
163,Daru,PG,1624782529,90,77,-9.0763,143.2092,77.2,17.05
164,Jinxiang,CN,1624782529,90,100,27.4327,120.6062,81.25,10.94
165,Juneau,US,1624782530,72,40,58.3019,-134.4197,57.22,5.75
166,Tomatlán,MX,1624782236,93,100,19.9333,-105.25,75.09,0.63
167,Santarém,BR,1624782216,78,0,-2.4431,-54.7083,82.53,9.22
168,Mossamedes,AO,1624782324,41,0,-15.1961,12.1522,77.47,7.49
169,Praia,CV,1624782333,88,75,14.9215,-23.5087,75.74,16.11
170,Soto,AR,1624782531,63,5,-32.8107,-61.4026,37.11,12.17
171,Yulara,AU,1624782348,36,5,-25.2406,130.9889,58.84,13.8
172,Coyhaique,CL,1624782385,93,75,-45.5752,-72.0662,28.35,4.61
173,Gewanē,ET,1624782532,25,53,10.1664,40.6453,96.89,14.32
174,Catuday,PH,1624782532,68,21,16.2923,119.8062,84.43,8.99
175,Yar-Sale,RU,1624782533,35,100,66.8333,70.8333,59.61,5.59
176,Arrondissement de Mayenne,FR,1624782533,98,100,48.3333,-0.6667,62.04,8.1
177,Nanortalik,GL,1624782303,84,99,60.1432,-45.2371,48.29,0.92
178,Aklavik,CA,1624782534,91,100,68.2191,-135.0107,61.63,7.38
179,Hermanus,ZA,1624782534,68,100,-34.4187,19.2345,58.89,8.66
180,Dongsheng,CN,1624782535,15,1,39.8161,109.9776,89.24,8.32
181,Kindu,CD,1624782535,26,32,-2.95,25.95,88.25,4.74
182,Makkah al Mukarramah,SA,1624782369,8,6,21.4267,39.8261,109.08,7.96
183,Jumla,NP,1624782536,64,80,29.2747,82.1838,72.88,6.04
184,Ushtobe,KZ,1624782536,21,0,45.2514,77.9838,81.3,12.59
185,Kautokeino,NO,1624782537,56,100,69.0125,23.0412,58.5,7.18
186,Ust'-Koksa,RU,1624782537,41,52,50.2696,85.6108,64.45,6.2
187,Muisne,EC,1624782538,88,94,0.6,-80.0333,74.95,5.41
188,Kedrovyy,RU,1624782538,58,100,56.1667,91.8167,61.21,9.1
189,Alofi,NU,1624782538,94,82,-19.0595,-169.9187,71.49,17.27
190,Talara,PE,1624782539,86,11,-4.5772,-81.2719,65.55,11.97
191,Litoral,BR,1624782539,98,100,-30.0089,-50.1595,63.43,10.2
192,New,LR,1624782210,94,90,6.6518,-10.5932,72.63,1.16
193,Lakes,US,1624782540,87,90,61.6071,-149.3086,52.92,1.01
194,Cirebon,ID,1624782540,71,69,-6.7063,108.557,84.83,7.94
195,Lata,PT,1624782541,76,99,40.1629,-8.3327,61.92,5.39
196,Rome,US,1624782541,76,1,43.2128,-75.4557,78.66,4.61
197,Mehamn,NO,1624782542,76,79,71.0357,27.8492,51.37,5.97
198,Miquelon,PM,1624782542,92,100,47.0975,-56.3814,55.4,17.07
199,Chui,UY,1624782543,95,100,-33.6971,-53.4616,54.48,11.7
200,Bethel,US,1624782543,90,90,41.3712,-73.414,73.85,6.91
201,Qui,BR,1624782382,95,26,-10.9706,-37.5959,73.94,3.15
202,Lavrentiya,RU,1624782322,86,47,65.5833,-171.0,45.86,3.6
203,Touros,BR,1624782295,83,38,-5.1989,-35.4608,68.9,13.04
204,Alekseyevsk,RU,1624782544,70,100,57.8406,108.3492,64.26,1.03
205,Beidao,CN,1624782545,34,20,34.5686,105.8933,91.6,4.32
206,Talnakh,RU,1624782221,49,96,69.4865,88.3972,60.21,9.82
207,Sangar,RU,1624782381,29,69,63.9242,127.4739,80.89,2.89
208,Kandrian,PG,1624782546,84,67,-6.2167,149.55,79.21,6.35
209,Wallsend,GB,1624782546,94,75,54.9911,-1.534,57.78,4.61
210,Fort,NL,1624782329,78,83,52.6517,6.3861,72.39,9.82
211,Dedza,MW,1624782547,33,10,-14.3779,34.3332,67.6,4.85
212,Bubaque,GW,1624782297,83,100,11.2833,-15.8333,78.37,9.15
213,Senador,HT,1624782547,89,55,18.8188,-71.9016,76.82,3.42
214,Narsaq,GL,1624782548,85,100,60.9167,-46.05,50.22,3.8
215,Black,US,1624782548,89,55,31.0093,-85.7444,74.16,6.85
216,Alta,NO,1624782393,78,0,69.9689,23.2717,53.19,1.01
217,Douentza,ML,1624782549,38,100,14.9951,-2.9517,91.18,7.47
218,Cururupu,BR,1624782436,98,99,-1.8283,-44.8683,72.0,2.42
219,Sao,IN,1624782247,54,100,20.5113,76.2129,85.82,11.54
220,Pāsighāt,IN,1624782549,98,100,28.0667,95.3333,79.02,2.8
221,Hasaki,JP,1624782550,86,100,35.7333,140.8333,73.8,11.81
222,Okha,RU,1624782550,80,57,53.5739,142.9478,54.82,13.02
223,Hong Kong,HK,1624782256,83,100,22.2855,114.1577,87.96,1.99
224,Ormara,PK,1624782551,72,15,25.2088,64.6357,84.09,15.59
225,Ballina,AU,1624782551,83,0,-28.8667,153.5667,54.79,4.61
226,Pisco,PE,1624782552,82,77,-13.7,-76.2167,56.01,2.3
227,Roebourne,AU,1624782552,51,42,-20.7833,117.1333,71.64,3.91
228,Murray,US,1624782312,52,1,40.6669,-111.888,75.88,1.99
229,Bonthe,SL,1624782553,91,100,7.5264,-12.505,73.96,2.68
230,Trzebiatów,PL,1624782553,69,31,54.0615,15.2648,74.25,8.16
231,Dickinson,US,1624782553,82,40,29.4608,-95.0513,83.01,1.01
232,Nālūt,LY,1624782554,11,1,30.3333,10.85,98.53,18.3
233,Aksarka,RU,1624782305,72,100,66.5606,67.7975,49.53,7.45
234,Carutapera,BR,1624782554,91,92,-1.195,-46.02,74.41,3.87
235,Ginda,IN,1624782555,38,6,30.6945,78.4932,84.49,6.78
236,Kavieng,PG,1624782307,74,100,-2.5744,150.7967,82.71,5.44
237,Samarai,PG,1624782387,84,48,-10.6167,150.6667,79.54,11.7
238,Sitka,US,1624782556,88,75,57.0531,-135.33,58.89,6.91
239,Seymchan,RU,1624782397,26,88,62.8833,152.4333,80.55,4.94
240,Taft,IR,1624782557,9,0,31.7471,54.2088,91.35,6.91
241,Provideniya,RU,1624782557,75,72,64.3833,-173.3,50.97,4.54
242,Gambēla,ET,1624782557,46,100,8.25,34.5833,90.99,1.23
243,Selma,US,1624782558,67,1,36.5708,-119.6121,82.98,0.0
244,Constitución,CL,1624782236,81,0,-35.3333,-72.4167,40.32,5.73
245,Kloulklubed,PW,1624782558,70,69,7.0419,134.2556,86.5,4.47
246,Shāhāpur,IN,1624782559,61,100,19.45,73.3333,81.88,5.28
247,Rawson,AR,1624782560,73,99,-43.3002,-65.1023,44.38,19.08
248,Tazovsky,RU,1624782560,42,27,67.4667,78.7,53.74,12.1
249,Airai,TL,1624782560,73,81,-8.9266,125.4092,67.1,4.38
250,Kavaratti,IN,1624782561,77,100,10.5669,72.642,82.38,16.49
251,Ābdānān,IR,1624782561,7,0,32.9926,47.4198,101.61,4.14
252,Suntar,RU,1624782563,26,93,62.1444,117.6319,87.96,7.34
253,Mount,GB,1624782355,89,100,53.6597,-1.8537,60.82,4.0
254,Thompson,CA,1624782393,67,75,55.7435,-97.8558,57.36,9.22
255,Isangel,VU,1624782563,77,36,-19.55,169.2667,73.22,9.78
256,Xique-Xique,BR,1624782564,80,0,-10.8218,-42.7263,66.74,18.48
257,Lewistown,US,1624782522,93,1,40.5992,-77.5714,72.59,0.0
258,Fort,NL,1624782329,78,83,52.6517,6.3861,72.39,9.82
259,Townsville,AU,1624782565,83,75,-19.25,146.8,70.68,5.75
260,Katsuura,JP,1624782269,91,100,35.1333,140.3,78.12,11.9
261,Kirakira,SB,1624782321,80,89,-10.4544,161.9205,78.53,9.78
262,San,ML,1624782566,54,8,13.3034,-4.8956,84.4,11.92
263,Saint-Philippe,RE,1624782566,76,12,-21.3585,55.7679,80.47,9.48
264,Coos,US,1624782566,96,0,43.1665,-124.0015,72.64,1.48
265,Shirokiy,RU,1624782567,69,63,49.758,129.523,77.79,5.7
266,Okhotsk,RU,1624782283,72,10,59.3833,143.3,56.71,10.58
267,Tucupita,VE,1624782567,99,100,9.0622,-62.051,71.89,2.39
268,Kutum,SD,1624782568,13,8,14.2,24.6667,90.64,10.11
269,Ostrovnoy,RU,1624782264,57,100,68.0531,39.5131,53.94,8.61
270,Vangaindrano,MG,1624782568,66,0,-23.35,47.6,73.63,6.44
271,Vestmannaeyjar,IS,1624782324,93,100,63.4427,-20.2734,49.5,7.0
272,Lüderitz,NA,1624782214,37,28,-26.6481,15.1594,65.68,0.72
273,Port,CD,1624782569,42,2,-7.0349,29.7638,78.84,5.5
274,Fortuna,US,1624782212,74,90,40.5982,-124.1573,67.19,0.0
275,Kazanskaya,RU,1624782570,63,91,45.4106,40.4361,79.74,9.73
276,Karpinsk,RU,1624782570,37,94,59.7654,60.0085,78.44,4.34
277,Bodden,GB,1624782570,90,100,51.1954,-2.5161,59.25,17.02
278,Ilo,PE,1624782571,82,72,-17.6394,-71.3375,59.65,5.7
279,Kiryat Gat,IL,1624782571,40,0,31.61,34.7642,93.4,6.13
280,Palmer,US,1624782364,79,75,42.1584,-72.3287,74.46,5.99
281,Cidreira,BR,1624782572,97,100,-30.1811,-50.2056,63.43,13.0
282,Doaba,PK,1624782572,29,0,33.4244,70.7364,92.21,6.17
283,Georgiyevka,KZ,1624782573,15,0,43.0369,74.7114,87.84,8.95
284,Bereda,ES,1624782574,89,52,43.2686,-7.5406,57.0,3.4
285,Okato,NZ,1624782574,89,97,-39.2,173.8833,56.43,13.58
286,Grootfontein,NA,1624782575,26,0,-19.5667,18.1167,71.17,6.91
287,Praia,CV,1624782333,88,75,14.9215,-23.5087,75.74,16.11
288,Baghdad,IQ,1624782334,11,0,33.3406,44.4009,112.91,8.05
289,Naze,JP,1624782576,86,100,28.3667,129.4833,79.72,12.93
290,Kasamwa,TZ,1624782576,32,16,-2.85,32.4333,77.88,10.31
291,Blagoyevo,RU,1624782576,45,33,63.3667,47.9167,76.3,3.44
292,Dunda,TZ,1624782577,36,5,-8.1167,34.25,74.88,5.61
293,Warren,US,1624782577,76,1,39.4334,-84.1666,75.85,1.01
294,Durant,US,1624782516,78,1,33.994,-96.3708,79.52,9.22
295,Buala,SB,1624782383,82,100,-8.145,159.5921,80.24,6.04
296,Korla,CN,1624782255,13,0,41.7597,86.1469,92.79,16.08
297,Souillac,MU,1624782578,69,75,-20.5167,57.5167,79.18,13.8
298,Dunmore,US,1624782579,90,40,41.4198,-75.6324,73.2,4.0
299,Grand,US,1624782579,38,0,38.8755,-109.5012,72.59,12.93
300,Kesinga,IN,1624782580,46,81,20.2,83.2333,95.16,4.45
301,Laguna,US,1624782279,73,1,38.421,-121.4238,82.2,1.99
302,Paamiut,GL,1624782581,96,90,61.994,-49.6678,43.79,12.28
303,Genhe,CN,1624782581,43,60,50.7833,121.5167,80.19,1.54
304,Vila,PT,1624782581,90,100,42.0304,-8.1588,51.69,3.42
305,Itabaianinha,BR,1624782582,94,76,-11.2739,-37.79,65.7,3.69
306,León,MX,1624782454,70,100,21.1167,-101.6667,62.37,5.28
307,Halifax,CA,1624782417,94,100,44.6453,-63.5724,69.42,5.01
308,Verkhoyansk,RU,1624782583,20,99,67.5447,133.385,87.94,9.19
309,Lappeenranta,FI,1624782406,78,75,61.0587,28.1887,75.54,5.75
310,Bontang,ID,1624782583,69,80,0.1333,117.5,84.04,4.21
311,Gallup,US,1624782584,42,1,35.5281,-108.7426,57.02,1.01
312,Vila,PT,1624782375,90,100,42.0304,-8.1588,51.69,3.42
313,Monroe,US,1624782584,70,40,43.1501,-77.6831,78.4,13.8
314,Avarua,CK,1624782585,70,100,-21.2078,-159.775,73.44,24.7
315,Sovetskiy,RU,1624782384,80,100,61.3614,63.5842,59.76,6.04
316,Caxias,PT,1624782585,73,75,38.7031,-9.2767,65.44,4.0
317,Ipixuna,BR,1624782586,98,36,-1.7625,-48.8043,73.35,3.06
318,Calama,CL,1624782586,39,0,-22.4667,-68.9333,27.09,14.97
319,Cody,US,1624782319,52,90,44.5263,-109.0565,65.39,4.61
320,Mountain,CO,1624782586,77,99,13.3667,-81.3667,80.6,8.66
321,Muscatine,US,1624782587,87,75,41.4667,-91.1335,70.05,1.99
322,Sao,IN,1624782290,54,100,20.5113,76.2129,85.82,11.54
323,Moose,US,1624782588,58,90,43.6558,-110.7183,56.08,10.36
324,Nantucket,US,1624782358,100,90,41.2835,-70.0995,74.08,10.36
325,Saint-Joseph,RE,1624782588,75,10,-21.3667,55.6167,79.47,3.83
326,Madaoua,NE,1624782589,49,1,14.073,5.96,88.12,14.61
327,Beringovskiy,RU,1624782589,89,92,63.05,179.3167,42.35,4.72
328,Ukiah,US,1624782589,60,1,39.1502,-123.2078,75.36,0.0
329,Uvinza,TZ,1624782590,31,3,-5.1036,30.3911,79.56,6.71
330,Port,CD,1624782569,42,2,-7.0349,29.7638,78.84,5.5
331,Tanout,NE,1624782590,12,30,14.9709,8.8879,92.64,1.14
332,Port,CD,1624782371,42,2,-7.0349,29.7638,78.84,5.5
333,High,US,1624782591,96,31,33.6123,-95.7472,78.94,9.06
334,Grindavik,IS,1624782368,100,90,63.8424,-22.4338,49.95,11.5
335,Khovd,MN,1624782355,25,100,48.0056,91.6419,68.49,3.4
336,Vina,HR,1624782592,45,0,43.181,17.3836,84.74,0.65
337,Collie,AU,1624782592,85,80,-33.3667,116.15,53.98,12.86
338,Nelson,NZ,1624782593,95,16,-41.2833,173.2833,52.29,7.34
339,Mount,GB,1624782593,89,100,53.6597,-1.8537,60.82,4.0
340,Corner,US,1624782594,95,1,33.8004,-86.9422,73.15,3.71
341,Ozinki,RU,1624782594,30,13,51.1786,49.6769,94.01,5.1
342,Mocuba,MZ,1624782594,41,0,-16.8392,36.9856,80.35,4.61
343,Boralday,KZ,1624782595,24,40,43.3578,76.8594,78.66,11.18
344,Natal,BR,1624782595,83,20,-5.795,-35.2094,70.02,4.61
345,Yumen,CN,1624782596,19,100,40.2833,97.2,84.49,6.62
346,Bom,ML,1624782596,38,99,14.9539,-2.9272,89.67,8.39
347,Gulfport,US,1624782328,85,75,30.3674,-89.0928,80.98,10.36
348,Boden,SE,1624782214,71,100,65.8252,21.6886,62.6,6.06
349,Faanui,PF,1624782354,77,5,-16.4833,-151.75,80.55,10.16
350,Fatsa,TR,1624782597,66,3,41.0278,37.5014,78.6,7.27
351,Kūstī,SD,1624782597,45,100,13.1629,32.6635,86.61,17.0
352,Berdigestyakh,RU,1624782598,27,76,62.0989,126.6992,83.68,2.44
353,Srīvardhan,IN,1624782598,66,100,18.0333,73.0167,84.34,4.32
354,Sydney,AU,1624782260,63,0,-33.8679,151.2073,58.3,3.0
355,Altay,CN,1624782599,69,100,47.8667,88.1167,56.21,3.15
356,Waitati,NZ,1624782599,82,6,-45.75,170.5667,50.81,4.94
357,Goundi,TD,1624782599,53,90,9.3627,17.366,85.89,8.1
358,Baruun-Urt,MN,1624782600,26,50,46.6806,113.2792,85.48,5.41
359,Sao,IN,1624782290,54,100,20.5113,76.2129,85.82,11.54
360,Kashmor,PK,1624782601,22,0,28.4333,69.5833,108.25,9.22
361,Asău,RO,1624782241,75,55,46.4333,26.4,74.32,1.52
362,Njombe,TZ,1624782601,40,8,-9.3333,34.7667,65.39,8.68
363,Sørland,NO,1624782248,87,4,67.667,12.6934,49.59,18.25
364,Ghoti,IN,1624782604,76,100,19.7168,73.6245,77.5,5.41
365,Mount Abu,IN,1624782605,38,37,24.6,72.7,87.4,6.46
366,Hambantota,LK,1624782306,55,20,6.1241,81.1185,91.74,19.57
367,Lehututu,BW,1624782606,20,3,-23.9667,21.8667,69.51,12.44
368,Bānda,IN,1624782606,32,40,25.4833,80.3333,101.53,6.58
369,Zhangjiakou,CN,1624782607,25,60,40.81,114.8794,88.9,5.68
370,Rørvik,NO,1624782607,86,93,64.8621,11.2373,52.75,15.9
371,Khandyga,RU,1624782295,33,52,62.6667,135.6,83.28,2.95
372,Camopi,GF,1624782608,100,33,3.1655,-52.3158,68.99,0.6
373,Wynyard,AU,1624782608,84,5,-41.0,145.7167,47.95,5.46
374,Vao,NC,1624782609,76,100,-22.6667,167.4833,72.97,17.43
375,Lelydorp,SR,1624782609,90,33,5.7,-55.2333,77.95,2.48
376,Caravelas,BR,1624782610,62,100,-17.7125,-39.2481,70.0,1.81
377,Bilibino,RU,1624782228,37,100,68.0546,166.4372,74.05,5.06
378,Seidu,SL,1624782611,92,99,9.0167,-10.6,70.88,1.45
379,Thoen,TH,1624782611,58,100,17.6129,99.2161,95.56,1.25
380,Camaná,PE,1624782612,86,98,-16.6228,-72.7111,60.35,8.52
381,Nabire,ID,1624782612,79,44,-3.3667,135.4833,79.32,1.5
382,Ribeira,ES,1624782273,82,75,42.7461,-8.4439,61.52,4.61
383,Yeppoon,AU,1624782613,76,97,-23.1333,150.7333,62.38,8.39
384,Enugu,NG,1624782613,95,100,6.4402,7.4943,70.59,1.48
385,Bosaso,SO,1624782614,32,0,11.2842,49.1816,100.38,27.63
386,Tezu,IN,1624782358,97,100,27.9167,96.1667,77.97,3.11
387,Ōhara,JP,1624782614,89,100,35.25,140.3833,77.95,13.22
388,Phalombe,MW,1624782615,31,19,-15.8064,35.6507,78.89,2.77
389,Aksu,CN,1624782615,14,0,41.1231,80.2644,91.76,1.39
390,Isāgarh,IN,1624782616,24,72,24.8333,77.8833,100.85,5.97
391,Anadyr,RU,1624782270,81,0,64.75,177.4833,46.9,13.42
392,Pemangkat,ID,1624782617,83,98,1.1667,108.9667,78.84,5.46
393,Jasper,US,1624782617,92,40,37.2001,-94.3502,72.0,3.44
394,Sinjār,IQ,1624782618,10,2,36.3209,41.8754,103.12,2.91
395,Ma’anshan,CN,1624782618,96,100,31.6957,118.4983,80.65,4.32
396,Chizhou,CN,1624782618,96,100,30.6578,117.4831,77.65,2.48
397,Rincon,US,1624782619,94,1,32.296,-81.2354,78.66,3.44
398,Quelimane,MZ,1624782619,41,0,-17.8786,36.8883,83.03,5.99
399,Harindānga,IN,1624782620,65,93,22.0383,88.3214,87.78,15.43
400,Ambulu,ID,1624782620,83,66,-8.345,113.6058,82.13,5.91
401,Fuxin,CN,1624782621,78,78,42.0156,121.6589,73.89,7.4
402,Kirkwood,US,1624782621,94,64,38.5834,-90.4068,73.58,3.0
403,Coquimbo,CL,1624782622,93,0,-29.9533,-71.3436,47.93,4.61
404,Kristinestad,FI,1624782227,76,0,62.2743,21.376,59.94,5.61
405,Evanston,US,1624782592,90,75,42.0411,-87.6901,75.81,8.01
406,Cap,FR,1624782622,94,100,49.2718,-1.2104,63.28,8.97
407,Najrān,SA,1624782623,10,100,17.4924,44.1277,97.45,12.86
408,Bouna,CI,1624782623,54,44,9.2667,-3.0,83.34,4.16
409,Port,CD,1624782244,42,2,-7.0349,29.7638,78.84,5.5
410,Zhigansk,RU,1624782624,49,100,66.7697,123.3711,74.43,8.28
411,Sven’,RU,1624782625,50,76,53.1822,34.5511,69.91,7.61
412,Leningradskiy,RU,1624782554,62,73,69.3833,178.4167,47.25,6.98
413,Kingston,JM,1624782625,83,20,17.997,-76.7936,79.75,1.01
414,Bonfim,BR,1624782626,90,1,3.0833,-59.95,72.14,2.39
415,Yueyang,CN,1624782626,74,100,29.3333,113.0919,88.14,4.61
416,Al Bardīyah,LY,1624782627,56,0,31.7561,25.0865,86.85,13.82
417,Salalah,OM,1624782627,74,40,17.0151,54.0924,86.09,14.97
418,Sola,VU,1624782628,76,100,-13.8833,167.55,79.7,19.46
419,Kenscoff,HT,1624782628,74,72,18.4506,-72.2869,64.54,4.61
420,Taunggyi,MM,1624782629,73,98,20.7833,97.0333,74.53,7.02
421,Karoi,ZW,1624782629,26,5,-16.8099,29.6925,75.74,5.55
422,Mitsamiouli,KM,1624782629,63,16,-11.3847,43.2844,79.34,5.3
423,Turukhansk,RU,1624782630,88,100,65.8167,87.9833,47.91,5.55
424,Sistranda,NO,1624782275,89,99,63.7256,8.834,52.9,20.65
425,Tahe,CN,1624782630,67,100,52.3333,124.7333,73.78,0.16
426,Oytal,KZ,1624782631,20,0,42.9057,73.2697,89.44,8.79
427,Brigantine,US,1624782632,97,1,39.4101,-74.3646,74.01,8.05
428,Āreka,ET,1624782632,67,90,7.0667,37.7,70.83,4.5
429,Guerrero,MX,1624782343,95,100,17.6667,-100.0,63.21,2.53
430,Tūkrah,LY,1624782633,34,0,32.5341,20.5791,91.27,10.33
431,Mananara,MG,1624782633,66,26,-16.1667,49.7667,76.46,6.89
432,Babstovo,RU,1624782633,60,67,48.1167,132.4833,80.64,1.32
433,Itarema,BR,1624782634,92,76,-2.9248,-39.9167,72.14,8.9
434,Trairi,BR,1624782339,92,77,-3.2778,-39.2689,71.64,6.42
435,Amarillo,US,1624782634,88,1,35.222,-101.8313,67.57,5.01
436,Kamenka,RU,1624782391,46,42,51.3223,42.7678,87.84,8.84
437,Broome,US,1624782635,88,1,42.2506,-75.833,73.63,1.01
438,Pitimbu,BR,1624782635,82,89,-7.4706,-34.8086,70.39,12.37
439,Katherine,AU,1624782252,36,96,-14.4667,132.2667,80.92,11.5
440,Erzin,TR,1624782636,40,0,36.9559,36.2,90.12,6.11
441,Requena,ES,1624782636,31,34,39.4883,-1.1004,74.79,8.81
442,Wakkanai,JP,1624782637,60,20,45.4094,141.6739,71.58,6.91
443,Russell,US,1624782399,89,1,32.3502,-85.1999,74.91,3.44
444,Worthington,US,1624782637,80,1,40.0931,-83.018,74.95,9.22
445,Ahualulco del Sonido Trece,MX,1624782638,81,100,22.4,-101.1667,60.62,2.48
446,Sur,OM,1624782638,34,0,22.5667,59.5289,99.88,6.08
447,Zeya,RU,1624782639,77,63,53.75,127.2667,75.07,2.68
448,Cabo,BR,1624782639,89,100,-8.2833,-35.0333,69.73,7.36
449,Khanbari,NP,1624782640,75,83,27.3747,87.2039,82.53,4.14
450,Taungdwingyi,MM,1624782640,64,87,20.0167,95.55,86.07,11.12
451,Vila,PT,1624782226,90,100,42.0304,-8.1588,51.69,3.42
452,Alexandria,EG,1624782568,69,0,31.2156,29.9553,82.78,9.6
453,Warri,NG,1624782641,90,100,5.5167,5.75,74.39,7.18
454,Yahotyn,UA,1624782642,77,87,50.2798,31.7625,80.51,11.32
455,San,ML,1624782321,54,8,13.3034,-4.8956,84.4,11.92
456,Igarka,RU,1624782642,92,100,67.4667,86.5833,46.83,7.07
457,Kovdor,RU,1624782643,71,100,67.5662,30.4758,54.03,7.23
458,Yenagoa,NG,1624782643,88,100,4.9247,6.2642,76.33,7.18
459,Yangi Marg`ilon,UZ,1624782643,14,0,40.4272,71.7189,92.62,6.91
460,Mabaruma,GY,1624782644,99,81,8.2,-59.7833,71.26,2.68
461,Cayenne,GF,1624782604,91,20,4.9333,-52.3333,76.08,2.3
462,Lovozero,RU,1624782645,62,100,68.005,35.0117,56.5,3.67
463,Olafsvik,IS,1624782645,93,83,64.8945,-23.7142,49.1,8.52
464,Berlevåg,NO,1624782646,85,90,70.8578,29.0864,48.54,7.78
465,Karabash,RU,1624782646,45,60,55.4808,60.2157,80.02,7.05
466,Ous,RU,1624782647,38,15,60.9058,61.5186,77.05,7.49
467,Mirny,RU,1624782647,62,100,62.5353,113.9611,69.46,7.23
468,Mendi,PG,1624782648,99,88,-6.1761,143.6513,56.21,0.27
469,Kota,IN,1624782648,19,14,25.1833,75.8333,107.53,9.8
470,Tegul'det,RU,1624782648,76,89,57.3064,88.1667,62.1,8.25
471,Changde,CN,1624782649,72,100,29.0464,111.6783,87.93,3.98
472,Cape,CL,1624782649,84,4,-36.413,-71.9028,33.22,4.16
473,Vitim,RU,1624782290,44,100,59.4511,112.5578,77.77,5.32
474,San,ML,1624782650,49,10,13.3034,-4.8956,87.42,11.21
475,Amga,RU,1624782287,31,77,60.8953,131.9608,82.27,6.08
476,Khani,GE,1624782224,61,50,41.9563,42.9566,71.17,5.59
477,Batetskiy,RU,1624782651,50,62,58.6461,30.3027,79.84,2.39
478,Soubre,CI,1624782651,85,55,5.7856,-6.6083,77.38,1.88
479,Fairbanks,US,1624782004,58,1,64.8378,-147.7164,66.54,5.75
480,Vadinsk,RU,1624782652,58,99,53.6916,43.0574,83.57,4.52
481,Nuuk,GL,1624782274,93,90,64.1835,-51.7216,45.21,26.46
482,Moranbah,AU,1624782653,69,96,-22.0016,148.0466,57.42,8.5
483,Esim,GH,1624782322,85,98,4.8699,-2.2405,77.25,3.27
484,Kharp,RU,1624782653,87,100,66.8014,65.8081,50.23,3.13
485,Kottayam,IN,1624782654,66,100,9.5833,76.5167,87.82,5.82
486,Deputatsky,RU,1624782654,48,44,69.3,139.9,70.92,8.68
487,Cabo,BR,1624782215,89,100,-8.2833,-35.0333,69.73,7.56
488,Qasigiannguit,GL,1624782655,68,73,68.8193,-51.1922,48.45,5.66
489,Port,CD,1624782395,42,2,-7.0349,29.7638,78.84,5.5
490,Palu,ID,1624782655,90,77,-0.8917,119.8707,80.89,2.48
491,Leshukonskoye,RU,1624782351,50,7,64.8989,45.7622,66.18,4.9
492,San,ML,1624782321,54,8,13.3034,-4.8956,84.4,11.92
493,North,FR,1624782656,85,100,50.3333,3.6667,67.66,6.42
494,Benicarló,ES,1624782657,70,27,40.4165,0.4271,83.89,5.23
495,Hengyang,CN,1624782657,66,100,26.8881,112.615,91.67,5.59
496,Keti,AM,1624782658,19,20,40.8737,43.8448,83.52,18.41
497,Zaysan,KZ,1624782327,42,47,47.4667,84.8667,67.51,8.97
498,Magadan,RU,1624782658,80,85,59.5667,150.8,57.27,2.17
499,Ladispoli,IT,1624782658,40,0,41.9537,12.0735,88.57,8.66
500,Ashland,US,1624782612,77,86,40.8167,-82.2665,74.3,12.97
501,Portland,US,1624782331,66,1,45.5234,-122.6762,83.1,1.01
502,Sibolga,ID,1624782659,73,83,1.7427,98.7792,83.75,5.3
503,El Puerto de Santa María,ES,1624782525,77,75,36.5939,-6.233,73.51,8.05
504,Maniitsoq,GL,1624782660,98,100,65.4167,-52.9,40.64,18.05
505,Kumul,CN,1624782660,14,4,42.8,93.45,94.1,13.09
506,Hidalgotitlán,MX,1624782661,93,100,17.7833,-94.6333,75.0,3.42
507,Port,CD,1624782395,42,2,-7.0349,29.7638,78.84,5.5
508,Kuopio,FI,1624782638,68,0,62.8924,27.677,73.35,5.75
509,Kawalu,ID,1624782249,77,81,-7.3817,108.2082,81.41,4.74
510,Charters,US,1624782662,88,58,38.5736,-83.4333,73.38,8.7
511,Batagay,RU,1624782662,29,74,67.6333,134.6333,84.09,5.61
512,Oriximiná,BR,1624782389,85,5,-1.7656,-55.8661,72.37,2.86
513,Condoto,CO,1624782663,98,89,5.0935,-76.6497,72.07,0.81
514,Son,NL,1624782663,67,90,51.5114,5.4928,76.21,5.75
515,Yerbogachën,RU,1624782664,35,58,61.2767,108.0108,73.24,8.7
516,Nizhnevartovsk,RU,1624782664,37,0,60.9344,76.5531,68.02,6.71
517,Bollnäs,SE,1624782665,74,99,61.3482,16.3946,64.38,5.5
518,San,ML,1624782362,54,8,13.3034,-4.8956,84.4,11.92
519,Borovichi,RU,1624782666,56,38,58.3878,33.9155,81.21,1.9
520,Santa,PH,1624782666,72,23,17.486,120.4348,85.6,5.97
521,Formoso,BR,1624782666,71,3,-14.9467,-46.2319,53.31,3.29
522,Kupang,ID,1624782218,58,20,-10.1667,123.5833,86.58,17.27
523,Järva-Jaani,EE,1624782667,54,100,59.0386,25.8864,72.48,7.2
524,San,ML,1624782668,49,10,13.3034,-4.8956,87.42,11.21
525,Riachão,BR,1624782668,56,1,-7.3619,-46.6172,68.14,4.47
526,Ouésso,CG,1624782669,49,17,1.6136,16.0517,88.07,3.71
527,San,ML,1624782650,49,10,13.3034,-4.8956,87.42,11.21
528,Poltavka,RU,1624782669,39,63,54.3663,71.7632,78.17,8.7
529,Camaçari,BR,1624782670,76,80,-12.6975,-38.3242,76.77,6.96
530,Padang,ID,1624782670,79,67,-0.9492,100.3543,86.05,3.71
531,Noumea,NC,1624782262,99,100,-22.2763,166.4572,73.99,7.34
532,Sechura,PE,1624782351,80,36,-5.5569,-80.8222,65.55,8.93
533,Timmins,CA,1624782528,94,90,48.4669,-81.3331,64.22,0.0
534,Artesia,US,1624782642,84,1,33.8658,-118.0831,79.48,1.01
535,Porto,PT,1624782578,86,75,41.1496,-8.611,62.2,1.01
536,Kysyl-Syr,RU,1624782671,35,61,63.8986,122.7617,83.52,6.29
537,Hervey,US,1624782672,71,0,33.4982,-93.7771,76.62,7.72
538,Tilichiki,RU,1624782672,81,70,60.4667,166.1,47.59,6.98
539,Barcelona,ES,1624782673,63,20,41.3888,2.159,82.8,3.0
540,Lagunas,PE,1624782673,96,73,-5.2269,-75.6753,70.25,2.19
541,Yantal',RU,1624782674,39,100,56.8471,105.2542,70.12,3.06
542,Poronaysk,RU,1624782674,97,100,49.2167,143.1167,46.0,4.94
543,Flinders,AU,1624782675,69,9,-34.5833,150.8552,57.79,1.01
544,Pangnirtung,CA,1624782675,95,98,66.1451,-65.7125,34.18,0.92
545,Bowen,AU,1624782675,79,97,-20.0167,148.2333,66.42,10.65
546,Ulaanbaatar,MN,1624782676,29,40,47.9077,106.8832,80.73,8.95
547,Westport,US,1624782676,94,1,41.1415,-73.3579,74.95,1.01
548,Burnie,AU,1624782327,77,5,-41.0667,145.9167,47.91,9.01
549,Lithakia,GR,1624782677,37,0,37.7167,20.8333,88.88,5.75
550,Gonaïves,HT,1624782678,83,9,19.45,-72.6833,75.45,3.38
551,Muros,ES,1624782335,70,26,42.7762,-9.0603,62.1,4.97
552,Skibbereen,IE,1624782362,77,26,51.55,-9.2667,58.8,10.85
553,Evensk,RU,1624782680,79,14,61.95,159.2333,54.77,1.1
554,Phang Nga,TH,1624782680,62,67,8.4509,98.5298,89.71,6.78
555,Grand,US,1624782681,39,0,38.8755,-109.5012,72.59,11.32
556,Gwanda,ZW,1624782681,19,1,-20.9333,29.0,76.91,4.65
557,Traverse,IT,1624782682,58,40,44.9428,7.118,72.01,5.48
558,Shushenskoye,RU,1624782682,50,5,53.325,91.9356,69.48,4.47
559,Zhangaözen,KZ,1624782682,12,9,43.3,52.8,102.74,7.18
560,Kungurtug,RU,1624782126,34,97,50.5994,97.5228,71.76,6.98
561,Tianpeng,CN,1624782683,60,88,30.9866,103.9393,85.64,1.97
562,Kjøpsvik,NO,1624782684,79,100,68.097,16.3742,54.18,5.46
563,San,ML,1624782566,54,8,13.3034,-4.8956,84.4,11.92
564,Codrington,AU,1624782376,75,12,-38.2667,141.9667,49.86,5.14
565,Yangliuqing,CN,1624782684,40,24,39.1375,116.9997,87.75,9.4
566,Egvekinot,RU,1624782685,73,95,66.3167,-179.1667,43.63,5.12
567,Riyadh,SA,1624782478,6,0,24.6877,46.7219,109.54,11.5
